start	end	text
0	3080	A.A.新聞每日摘藥 二零二六年三月十一日
3080	4480	今日投票新聞
4480	7160	第一條 新時期創始人圓圓表示
7160	10760	無人家使技術 正從封閉場景向開放道路加速眼鏡
10760	13880	最新一代無人車 以實現L4級自動駕駛能力
13880	17000	計劃三年內 托展至全球三十個國家和地區
17000	19720	第二條 二零二六年世界移動通信大會
19720	22280	在巴賽羅納開幕 主題為智能時代
22280	25960	華為發布基於聲騰A.A.新片的端策大模型解決方案
25960	28400	高通展示新一代A.A.處理器
28400	31360	第三條 托羅帝亞人型機器人通卡樣項
31360	33840	基於中國機器人操作系統平台開發
33840	37160	具備雙組行走 物體抓取 與銀交互等能力
37160	40160	第四條 專家指出A.A.A.技術下一波爆發
40160	42280	將依賴與具體產業的深度融合
42280	46040	華為聲騰在製造 醫療 金融等行業的A.A.A.解決方案
46040	49240	以幫助客戶 實現平均30%的效率提升
49240	51680	第五條 具身智能 正從實驗室
51680	53000	走向產業化應用
53000	56040	二零二五年全球市場規模達120億美元
56040	58920	以及二零三零年將增長至五百億美元
58920	61480	第六條 世界一動通信大會避墨
61480	63720	A.A.A.成為貫穿大會的核心主題
63720	66680	大會期間簽署超過二百億美元的合作協議
66680	68680	第七條 國家科技部表示
68680	71200	A.A.A.技術創新增迎來新一輪機預期
71200	75000	二零二五年 中國A.A.A.A.核心產業規模達1.2萬億元
75000	78600	第八條 企業級A.A.A.A.G.能體正成為製造業數字化
78600	81320	轉型的新引擎 專家預測到二零二八年
81320	84840	超過六十的製造企業 將部署A.A.G.能體
84840	87960	第九條 腦積結口首次被寫入政府工作報告
87960	91240	標誌著這一前言技術正式進入國家科技發展戰略
91240	94120	第十條 六至技術研發 政策單點突破
94120	96560	向系統集成賣禁 將實現封職速率
96560	99320	E.T.B.P.S. 空口實言領點1毫秒
99320	101480	今日A.A.A.新聞播報完畢
